Year,rowLevels
2014,ACETAMINOPHEN
2014,ACETAMINOPHEN-CODEINE
2014,ACETAMINOPHEN-HYDROCODONE
2014,ACETAMINOPHEN-OXYCODONE
2014,ACETAMINOPHEN/BUTALBITAL/CAFFEINE
2014,ACYCLOVIR
2014,ALBUTEROL
2014,ALBUTEROL-IPRATROPIUM
2014,ALENDRONATE
2014,ALLOPURINOL
2014,ALPRAZOLAM
2014,AMITRIPTYLINE
2014,AMLODIPINE
2014,AMLODIPINE-BENAZEPRIL
2014,AMOXICILLIN
2014,AMOXICILLIN-CLAVULANATE
2014,AMPHETAMINE-DEXTROAMPHETAMINE
2014,ARIPIPRAZOLE
2014,ASPIRIN
2014,ATENOLOL
2014,ATENOLOL-CHLORTHALIDONE
2014,ATORVASTATIN
2014,AZITHROMYCIN
2014,BACLOFEN
2014,BECLOMETHASONE
2014,BENAZEPRIL
2014,BENZONATATE
2014,BRIMONIDINE OPHTHALMIC
2014,BROMPHENIRAMINE/DEXTROMETHORPHAN/PSE
2014,BUDESONIDE
2014,BUDESONIDE-FORMOTEROL
2014,BUPROPION
2014,BUSPIRONE
2014,CALCIUM-VITAMIN D
2014,CALCIUM CARBONATE
2014,CARBAMIDE PEROXIDE OTIC
2014,CARISOPRODOL
2014,CARVEDILOL
2014,CEFDINIR
2014,CELECOXIB
2014,CEPHALEXIN
2014,CETIRIZINE
2014,CHLORHEXIDINE TOPICAL
2014,CHLORTHALIDONE
2014,CHOLECALCIFEROL
2014,CIPROFLOXACIN
2014,CITALOPRAM
2014,CLINDAMYCIN
2014,CLINDAMYCIN TOPICAL
2014,CLOBETASOL TOPICAL
2014,CLONAZEPAM
2014,CLONIDINE
2014,CLOPIDOGREL
2014,CLOTRIMAZOLE TOPICAL
2014,CODEINE-GUAIFENESIN
2014,CODEINE-PROMETHAZINE
2014,COLCHICINE
2014,CONJUGATED ESTROGENS
2014,CYANOCOBALAMIN
2014,CYCLOBENZAPRINE
2014,CYCLOSPORINE OPHTHALMIC
2014,DESOGESTREL-ETHINYL ESTRADIOL
2014,DESONIDE TOPICAL
2014,DEXTROMETHORPHAN-PROMETHAZINE
2014,DIAZEPAM
2014,DICLOFENAC
2014,DICLOFENAC TOPICAL
2014,DICYCLOMINE
2014,DIGOXIN
2014,DILTIAZEM
2014,DIPHENHYDRAMINE
2014,DIVALPROEX SODIUM
2014,DOCUSATE
2014,DONEPEZIL
2014,DOXAZOSIN
2014,DOXYCYCLINE
2014,DULOXETINE
2014,"EMOLLIENTS, TOPICAL"
2014,ENALAPRIL
2014,EPINEPHRINE
2014,ERGOCALCIFEROL
2014,ERYTHROMYCIN
2014,ESCITALOPRAM
2014,ESOMEPRAZOLE
2014,ESTRADIOL
2014,ESTRADIOL TOPICAL
2014,ETHINYL ESTRADIOL-LEVONORGESTREL
2014,ETHINYL ESTRADIOL-NORETHINDRONE
2014,ETHINYL ESTRADIOL-NORGESTIMATE
2014,EZETIMIBE
2014,FAMOTIDINE
2014,FENOFIBRATE
2014,FERROUS SULFATE
2014,FINASTERIDE
2014,FLUCONAZOLE
2014,FLUOCINONIDE TOPICAL
2014,FLUOXETINE
2014,FLUTICASONE
2014,FLUTICASONE-SALMETEROL
2014,FLUTICASONE NASAL
2014,FOLIC ACID
2014,FORMOTEROL-MOMETASONE
2014,FUROSEMIDE
2014,GABAPENTIN
2014,GEMFIBROZIL
2014,GLIMEPIRIDE
2014,GLIPIZIDE
2014,GLYBURIDE
2014,GUAIFENESIN
2014,HYDRALAZINE
2014,HYDROCHLOROTHIAZIDE
2014,HYDROCHLOROTHIAZIDE-LISINOPRIL
2014,HYDROCHLOROTHIAZIDE-LOSARTAN
2014,HYDROCHLOROTHIAZIDE-PROPRANOLOL
2014,HYDROCHLOROTHIAZIDE-TRIAMTERENE
2014,HYDROCHLOROTHIAZIDE-VALSARTAN
2014,HYDROCORTISONE TOPICAL
2014,HYDROCORTISONE/NEOMYCIN/POLYMYXIN B OTIC
2014,HYDROXYCHLOROQUINE
2014,HYDROXYZINE
2014,IBUPROFEN
2014,INDOMETHACIN
2014,INSULIN ASPART
2014,INSULIN DETEMIR
2014,INSULIN GLARGINE
2014,INSULIN ISOPHANE-INSULIN REGULAR
2014,INSULIN ISOPHANE (NPH)
2014,INSULIN LISPRO
2014,ISOSORBIDE MONONITRATE
2014,KETOCONAZOLE TOPICAL
2014,LAMOTRIGINE
2014,LANSOPRAZOLE
2014,LATANOPROST OPHTHALMIC
2014,LEVETIRACETAM
2014,LEVOFLOXACIN
2014,LEVOTHYROXINE
2014,LIDOCAINE TOPICAL
2014,LISDEXAMFETAMINE
2014,LISINOPRIL
2014,LORATADINE
2014,LORAZEPAM
2014,LOSARTAN
2014,LOVASTATIN
2014,MECLIZINE
2014,MEDROXYPROGESTERONE
2014,MELOXICAM
2014,METFORMIN
2014,METFORMIN-SITAGLIPTIN
2014,METHOCARBAMOL
2014,METHYLPHENIDATE
2014,METHYLPREDNISOLONE
2014,METOPROLOL
2014,METRONIDAZOLE
2014,MINOCYCLINE
2014,MIRTAZAPINE
2014,MOMETASONE NASAL
2014,MONTELUKAST
2014,MORPHINE
2014,MOXIFLOXACIN OPHTHALMIC
2014,MULTIVITAMIN
2014,MULTIVITAMIN WITH MINERALS
2014,"MULTIVITAMIN, PRENATAL"
2014,MUPIROCIN TOPICAL
2014,"NABUMETONE"
2014,"NAPHAZOLINE-PHENIRAMINE OPHTHALMIC"
2014,"NAPHAZOLINE OPHTHALMIC"
2014,"NAPROXEN"
2014,NEBIVOLOL
2014,NIFEDIPINE
2014,NITROFURANTOIN
2014,NITROGLYCERIN
2014,NORTRIPTYLINE
2014,NYSTATIN
2014,NYSTATIN TOPICAL
2014,OCULAR LUBRICANT
2014,OLMESARTAN
2014,OLOPATADINE OPHTHALMIC
2014,OMEGA-3 POLYUNSATURATED FATTY ACIDS
2014,OMEPRAZOLE
2014,ONDANSETRON
2014,OSELTAMIVIR
2014,OXYBUTYNIN
2014,OXYCODONE
2014,PANTOPRAZOLE
2014,PAROXETINE
2014,PENICILLIN V POTASSIUM
2014,PHENAZOPYRIDINE
2014,PHENTERMINE
2014,PHENYTOIN
2014,PIOGLITAZONE
2014,POLYETHYLENE GLYCOL 3350
2014,POTASSIUM CHLORIDE
2014,PRAVASTATIN
2014,PREDNISOLONE
2014,PREDNISOLONE OPHTHALMIC
2014,PREDNISONE
2014,PREGABALIN
2014,PROMETHAZINE
2014,PROPRANOLOL
2014,QUETIAPINE
2014,RAMIPRIL
2014,RANITIDINE
2014,RISPERIDONE
2014,RIVAROXABAN
2014,ROPINIROLE
2014,ROSUVASTATIN
2014,SERTRALINE
2014,SILDENAFIL
2014,SIMVASTATIN
2014,SITAGLIPTIN
2014,SODIUM CHLORIDE
2014,SPIRONOLACTONE
2014,SULFAMETHOXAZOLE-TRIMETHOPRIM
2014,SUMATRIPTAN
2014,TAMSULOSIN
2014,TEMAZEPAM
2014,TERAZOSIN
2014,TESTOSTERONE
2014,TIMOLOL OPHTHALMIC
2014,TIOTROPIUM
2014,TIZANIDINE
2014,TOPIRAMATE
2014,TRAMADOL
2014,TRAVOPROST OPHTHALMIC
2014,TRAZODONE
2014,TRIAMCINOLONE TOPICAL
2014,VALACYCLOVIR
2014,VALSARTAN
2014,VENLAFAXINE
2014,VERAPAMIL
2014,WARFARIN
2014,ZOLPIDEM
2015,ACETAMINOPHEN
2015,ACETAMINOPHEN-CODEINE
2015,ACETAMINOPHEN-HYDROCODONE
2015,ACETAMINOPHEN-OXYCODONE
2015,ACETAMINOPHEN/BUTALBITAL/CAFFEINE
2015,ACYCLOVIR
2015,ALBUTEROL
2015,ALBUTEROL-IPRATROPIUM
2015,ALENDRONATE
2015,ALLOPURINOL
2015,ALPRAZOLAM
2015,AMIODARONE
2015,AMITRIPTYLINE
2015,AMLODIPINE
2015,AMLODIPINE-BENAZEPRIL
2015,AMOXICILLIN
2015,AMOXICILLIN-CLAVULANATE
2015,AMPHETAMINE-DEXTROAMPHETAMINE
2015,APIXABAN
2015,ARIPIPRAZOLE
2015,ASPIRIN
2015,ASPIRIN/CARISOPRODOL/CODEINE
2015,ATENOLOL
2015,ATORVASTATIN
2015,AZITHROMYCIN
2015,BACITRACIN/NEOMYCIN/POLYMYXIN B TOPICAL
2015,BACLOFEN
2015,BECLOMETHASONE
2015,BENAZEPRIL
2015,BENZONATATE
2015,BETAMETHASONE-CLOTRIMAZOLE TOPICAL
2015,BETAMETHASONE TOPICAL
2015,BROMPHENIRAMINE/DEXTROMETHORPHAN/PSE
2015,BUDESONIDE
2015,BUDESONIDE-FORMOTEROL
2015,BUPROPION
2015,BUSPIRONE
2015,CALCIUM-VITAMIN D
2015,CALCIUM CARBONATE
2015,CAMPHOR-MENTHOL TOPICAL
2015,CANAGLIFLOZIN
2015,CARBAMIDE PEROXIDE OTIC
2015,CARISOPRODOL
2015,CARVEDILOL
2015,CEFDINIR
2015,CELECOXIB
2015,CEPHALEXIN
2015,CETIRIZINE
2015,CHLORHEXIDINE TOPICAL
2015,CHLORTHALIDONE
2015,CHOLECALCIFEROL
2015,CIPROFLOXACIN
2015,CITALOPRAM
2015,CLINDAMYCIN
2015,CLINDAMYCIN TOPICAL
2015,CLOBETASOL TOPICAL
2015,CLONAZEPAM
2015,CLONIDINE
2015,CLOPIDOGREL
2015,CLOTRIMAZOLE TOPICAL
2015,CODEINE-GUAIFENESIN
2015,CODEINE-PROMETHAZINE
2015,CYANOCOBALAMIN
2015,CYCLOBENZAPRINE
2015,CYCLOSPORINE OPHTHALMIC
2015,DEXLANSOPRAZOLE
2015,DEXTROMETHORPHAN-PROMETHAZINE
2015,DIAZEPAM
2015,DICLOFENAC
2015,DICLOFENAC TOPICAL
2015,DICYCLOMINE
2015,DIGOXIN
2015,DILTIAZEM
2015,DIPHENHYDRAMINE
2015,DIVALPROEX SODIUM
2015,DOCUSATE
2015,DONEPEZIL
2015,DORZOLAMIDE-TIMOLOL OPHTHALMIC
2015,DOXAZOSIN
2015,DOXYCYCLINE
2015,DOXYLAMINE-PYRIDOXINE
2015,DROSPIRENONE-ETHINYL ESTRADIOL
2015,DULOXETINE
2015,"EMOLLIENTS, TOPICAL"
2015,ENALAPRIL
2015,EPINEPHRINE
2015,ERGOCALCIFEROL
2015,ESCITALOPRAM
2015,ESOMEPRAZOLE
2015,ESTRADIOL
2015,ESTRADIOL TOPICAL
2015,ETHINYL ESTRADIOL-ETONOGESTREL
2015,ETHINYL ESTRADIOL-LEVONORGESTREL
2015,ETHINYL ESTRADIOL-NORETHINDRONE
2015,ETHINYL ESTRADIOL-NORGESTIMATE
2015,EZETIMIBE
2015,FAMOTIDINE
2015,FENOFIBRATE
2015,FERROUS SULFATE
2015,FINASTERIDE
2015,FLUCONAZOLE
2015,FLUOCINONIDE TOPICAL
2015,FLUOXETINE
2015,FLUTICASONE
2015,FLUTICASONE-SALMETEROL
2015,FLUTICASONE NASAL
2015,FOLIC ACID
2015,FORMOTEROL-MOMETASONE
2015,FUROSEMIDE
2015,GABAPENTIN
2015,GEMFIBROZIL
2015,GLIMEPIRIDE
2015,GLIPIZIDE
2015,GLYBURIDE
2015,GUAIFENESIN
2015,HYDRALAZINE
2015,HYDROCHLOROTHIAZIDE
2015,HYDROCHLOROTHIAZIDE-LISINOPRIL
2015,HYDROCHLOROTHIAZIDE-LOSARTAN
2015,HYDROCHLOROTHIAZIDE-TRIAMTERENE
2015,HYDROCHLOROTHIAZIDE-VALSARTAN
2015,HYDROCODONE
2015,HYDROCORTISONE TOPICAL
2015,HYDROCORTISONE/NEOMYCIN/POLYMYXIN B OTIC
2015,HYDROXYCHLOROQUINE
2015,HYDROXYZINE
2015,IBUPROFEN
2015,INDOMETHACIN
2015,INSULIN ASPART
2015,INSULIN DETEMIR
2015,INSULIN GLARGINE
2015,INSULIN ISOPHANE-INSULIN REGULAR
2015,INSULIN ISOPHANE (NPH)
2015,INSULIN LISPRO
2015,IRBESARTAN
2015,ISOSORBIDE MONONITRATE
2015,KETOCONAZOLE TOPICAL
2015,LAMOTRIGINE
2015,LANSOPRAZOLE
2015,LATANOPROST OPHTHALMIC
2015,LEVETIRACETAM
2015,LEVOCETIRIZINE
2015,LEVOFLOXACIN
2015,LEVOTHYROXINE
2015,LIDOCAINE TOPICAL
2015,LIRAGLUTIDE
2015,LISDEXAMFETAMINE
2015,LISINOPRIL
2015,LORATADINE
2015,LORAZEPAM
2015,LOSARTAN
2015,LOVASTATIN
2015,MAGNESIUM OXIDE
2015,MECLIZINE
2015,MEDROXYPROGESTERONE
2015,MELOXICAM
2015,MEMANTINE
2015,METFORMIN
2015,METFORMIN-SITAGLIPTIN
2015,METHOCARBAMOL
2015,METHYLPHENIDATE
2015,METHYLPREDNISOLONE
2015,METOCLOPRAMIDE
2015,METOPROLOL
2015,METRONIDAZOLE
2015,MIRTAZAPINE
2015,MOMETASONE NASAL
2015,MONTELUKAST
2015,MORPHINE
2015,MULTIVITAMIN
2015,MULTIVITAMIN WITH IRON
2015,MULTIVITAMIN WITH MINERALS
2015,"MULTIVITAMIN, PRENATAL"
2015,MUPIROCIN TOPICAL
2015,"NABUMETONE"
2015,"NAPHAZOLINE-PHENIRAMINE OPHTHALMIC"
2015,"NAPROXEN"
2015,NEBIVOLOL
2015,NIFEDIPINE
2015,NITROFURANTOIN
2015,NITROGLYCERIN
2015,NORTRIPTYLINE
2015,OCULAR LUBRICANT
2015,OLMESARTAN
2015,OLOPATADINE OPHTHALMIC
2015,OMEGA-3 POLYUNSATURATED FATTY ACIDS
2015,OMEPRAZOLE
2015,ONDANSETRON
2015,OSELTAMIVIR
2015,OXYBUTYNIN
2015,OXYCODONE
2015,PANTOPRAZOLE
2015,PAROXETINE
2015,PENICILLIN V POTASSIUM
2015,PHENAZOPYRIDINE
2015,PHENTERMINE
2015,PHENYTOIN
2015,PIOGLITAZONE
2015,POLYETHYLENE GLYCOL 3350
2015,POLYETHYLENE GLYCOL 3350 WITH ELECTROLYTES
2015,POLYMYXIN B-TRIMETHOPRIM OPHTHALMIC
2015,POTASSIUM CHLORIDE
2015,PRAVASTATIN
2015,PREDNISOLONE
2015,PREDNISOLONE OPHTHALMIC
2015,PREDNISONE
2015,PREGABALIN
2015,PROMETHAZINE
2015,PROPRANOLOL
2015,QUETIAPINE
2015,RAMIPRIL
2015,RANITIDINE
2015,RIBOFLAVIN
2015,RISPERIDONE
2015,RIVAROXABAN
2015,ROPINIROLE
2015,ROSUVASTATIN
2015,SERTRALINE
2015,SIMVASTATIN
2015,SITAGLIPTIN
2015,SODIUM CHLORIDE
2015,SOLIFENACIN
2015,SPIRONOLACTONE
2015,SUCRALFATE
2015,SULFAMETHOXAZOLE-TRIMETHOPRIM
2015,SUMATRIPTAN
2015,TAMSULOSIN
2015,TEMAZEPAM
2015,TERAZOSIN
2015,TERBINAFINE
2015,TESTOSTERONE
2015,TIMOLOL OPHTHALMIC
2015,TIOTROPIUM
2015,TIZANIDINE
2015,TOPIRAMATE
2015,TRAMADOL
2015,TRAZODONE
2015,TRETINOIN TOPICAL
2015,TRIAMCINOLONE TOPICAL
2015,VALACYCLOVIR
2015,VALSARTAN
2015,VENLAFAXINE
2015,VERAPAMIL
2015,WARFARIN
2015,ZOLPIDEM
2016,ACETAMINOPHEN
2016,ACETAMINOPHEN-CODEINE
2016,ACETAMINOPHEN-HYDROCODONE
2016,ACETAMINOPHEN-OXYCODONE
2016,ACETAMINOPHEN/BUTALBITAL/CAFFEINE
2016,ACYCLOVIR
2016,ALBUTEROL
2016,ALBUTEROL-IPRATROPIUM
2016,ALENDRONATE
2016,ALLOPURINOL
2016,ALPRAZOLAM
2016,AMITRIPTYLINE
2016,AMLODIPINE
2016,AMLODIPINE-BENAZEPRIL
2016,AMOXICILLIN
2016,AMOXICILLIN-CLAVULANATE
2016,AMPHETAMINE-DEXTROAMPHETAMINE
2016,APIXABAN
2016,ARIPIPRAZOLE
2016,ASPIRIN
2016,ATENOLOL
2016,ATORVASTATIN
2016,AZITHROMYCIN
2016,BACITRACIN/NEOMYCIN/POLYMYXIN B TOPICAL
2016,BACLOFEN
2016,BECLOMETHASONE
2016,BENAZEPRIL
2016,BENZONATATE
2016,BRIMONIDINE OPHTHALMIC
2016,BROMPHENIRAMINE/DEXTROMETHORPHAN/PSE
2016,BUDESONIDE
2016,BUDESONIDE-FORMOTEROL
2016,BUPROPION
2016,BUSPIRONE
2016,CALCIUM-VITAMIN D
2016,CANAGLIFLOZIN
2016,CARVEDILOL
2016,CEFDINIR
2016,CEFUROXIME
2016,CELECOXIB
2016,CEPHALEXIN
2016,CETIRIZINE
2016,CHLORHEXIDINE TOPICAL
2016,CHLORTHALIDONE
2016,CHOLECALCIFEROL
2016,CIPROFLOXACIN
2016,CIPROFLOXACIN OPHTHALMIC
2016,CITALOPRAM
2016,CLINDAMYCIN
2016,CLINDAMYCIN TOPICAL
2016,CLOBETASOL TOPICAL
2016,CLONAZEPAM
2016,CLONIDINE
2016,CLOPIDOGREL
2016,CLOTRIMAZOLE TOPICAL
2016,CODEINE-GUAIFENESIN
2016,CONJUGATED ESTROGENS
2016,CYANOCOBALAMIN
2016,CYCLOBENZAPRINE
2016,CYCLOSPORINE OPHTHALMIC
2016,DESOGESTREL-ETHINYL ESTRADIOL
2016,DEXAMETHASONE
2016,DEXLANSOPRAZOLE
2016,DEXTROMETHORPHAN-PROMETHAZINE
2016,DIAZEPAM
2016,DICLOFENAC
2016,DICLOFENAC TOPICAL
2016,DICYCLOMINE
2016,DIGOXIN
2016,DILTIAZEM
2016,DIPHENHYDRAMINE
2016,DIVALPROEX SODIUM
2016,DOCUSATE
2016,DONEPEZIL
2016,DORZOLAMIDE-TIMOLOL OPHTHALMIC
2016,DOXAZOSIN
2016,DOXYCYCLINE
2016,DROSPIRENONE-ETHINYL ESTRADIOL
2016,DULOXETINE
2016,ENALAPRIL
2016,EPINEPHRINE
2016,ERGOCALCIFEROL
2016,ESCITALOPRAM
2016,ESOMEPRAZOLE
2016,ESTRADIOL
2016,ESTRADIOL TOPICAL
2016,ETHINYL ESTRADIOL-LEVONORGESTREL
2016,ETHINYL ESTRADIOL-NORETHINDRONE
2016,ETHINYL ESTRADIOL-NORGESTIMATE
2016,EZETIMIBE
2016,FAMOTIDINE
2016,FENOFIBRATE
2016,FERROUS SULFATE
2016,FINASTERIDE
2016,FLUCONAZOLE
2016,FLUORIDE TOPICAL
2016,FLUOXETINE
2016,FLUTICASONE
2016,FLUTICASONE-SALMETEROL
2016,FLUTICASONE NASAL
2016,FOLIC ACID
2016,FORMOTEROL-MOMETASONE
2016,FUROSEMIDE
2016,GABAPENTIN
2016,GEMFIBROZIL
2016,GLIMEPIRIDE
2016,GLIPIZIDE
2016,GLYBURIDE
2016,GUAIFENESIN
2016,HYDRALAZINE
2016,HYDROCHLOROTHIAZIDE
2016,HYDROCHLOROTHIAZIDE-LISINOPRIL
2016,HYDROCHLOROTHIAZIDE-LOSARTAN
2016,HYDROCHLOROTHIAZIDE-TRIAMTERENE
2016,HYDROCHLOROTHIAZIDE-VALSARTAN
2016,HYDROCODONE
2016,HYDROCORTISONE TOPICAL
2016,HYDROCORTISONE/NEOMYCIN/POLYMYXIN B OTIC
2016,HYDROXYCHLOROQUINE
2016,HYDROXYZINE
2016,IBUPROFEN
2016,INSULIN ASPART
2016,INSULIN DETEMIR
2016,INSULIN GLARGINE
2016,INSULIN ISOPHANE-INSULIN REGULAR
2016,INSULIN ISOPHANE (NPH)
2016,INSULIN LISPRO
2016,ISOSORBIDE MONONITRATE
2016,KETOCONAZOLE TOPICAL
2016,LAMOTRIGINE
2016,LANSOPRAZOLE
2016,LATANOPROST OPHTHALMIC
2016,LEVETIRACETAM
2016,LEVOCETIRIZINE
2016,LEVOFLOXACIN
2016,LEVOTHYROXINE
2016,LIDOCAINE TOPICAL
2016,LIRAGLUTIDE
2016,LISDEXAMFETAMINE
2016,LISINOPRIL
2016,LORATADINE
2016,LORAZEPAM
2016,LOSARTAN
2016,LOVASTATIN
2016,MECLIZINE
2016,MEDROXYPROGESTERONE
2016,MELOXICAM
2016,MEMANTINE
2016,METFORMIN
2016,METFORMIN-SITAGLIPTIN
2016,METHOCARBAMOL
2016,METHOTREXATE
2016,METHYLCELLULOSE
2016,METHYLPHENIDATE
2016,METHYLPREDNISOLONE
2016,METOCLOPRAMIDE
2016,METOPROLOL
2016,METRONIDAZOLE
2016,MINOCYCLINE
2016,MIRTAZAPINE
2016,MOMETASONE NASAL
2016,MONTELUKAST
2016,MORPHINE
2016,MULTIVITAMIN
2016,MULTIVITAMIN WITH MINERALS
2016,"MULTIVITAMIN, PRENATAL"
2016,MUPIROCIN TOPICAL
2016,"NAPHAZOLINE-PHENIRAMINE OPHTHALMIC"
2016,"NAPROXEN"
2016,NEBIVOLOL
2016,NIFEDIPINE
2016,NITROFURANTOIN
2016,NITROGLYCERIN
2016,NORTRIPTYLINE
2016,NYSTATIN TOPICAL
2016,OCULAR LUBRICANT
2016,OLMESARTAN
2016,OLOPATADINE OPHTHALMIC
2016,OMEGA-3 POLYUNSATURATED FATTY ACIDS
2016,OMEPRAZOLE
2016,ONDANSETRON
2016,OSELTAMIVIR
2016,OXYBUTYNIN
2016,OXYCODONE
2016,PANTOPRAZOLE
2016,PAROXETINE
2016,PENICILLIN V POTASSIUM
2016,PHENTERMINE
2016,PIOGLITAZONE
2016,POLYETHYLENE GLYCOL 3350
2016,POLYETHYLENE GLYCOL 3350 WITH ELECTROLYTES
2016,POLYMYXIN B-TRIMETHOPRIM OPHTHALMIC
2016,POTASSIUM CHLORIDE
2016,PRAVASTATIN
2016,PREDNISOLONE
2016,PREDNISOLONE OPHTHALMIC
2016,PREDNISONE
2016,PREGABALIN
2016,PROMETHAZINE
2016,PROPRANOLOL
2016,QUETIAPINE
2016,RAMIPRIL
2016,RANITIDINE
2016,RISPERIDONE
2016,RIVAROXABAN
2016,ROPINIROLE
2016,ROSUVASTATIN
2016,SERTRALINE
2016,SIMVASTATIN
2016,SITAGLIPTIN
2016,SPIRONOLACTONE
2016,SUCRALFATE
2016,SULFAMETHOXAZOLE-TRIMETHOPRIM
2016,SUMATRIPTAN
2016,TAMSULOSIN
2016,TEMAZEPAM
2016,TERAZOSIN
2016,TERBINAFINE
2016,THYROID DESICCATED
2016,TIMOLOL OPHTHALMIC
2016,TIOTROPIUM
2016,TIZANIDINE
2016,TOPIRAMATE
2016,TRAMADOL
2016,TRAZODONE
2016,TRETINOIN TOPICAL
2016,TRIAMCINOLONE TOPICAL
2016,VALACYCLOVIR
2016,VALSARTAN
2016,VENLAFAXINE
2016,VERAPAMIL
2016,WARFARIN
2016,ZOLPIDEM
2017,ACETAMINOPHEN
2017,ACETAMINOPHEN-CODEINE
2017,ACETAMINOPHEN-HYDROCODONE
2017,ACETAMINOPHEN-OXYCODONE
2017,ACETAMINOPHEN/BUTALBITAL/CAFFEINE
2017,ACYCLOVIR
2017,ALBUTEROL
2017,ALBUTEROL-IPRATROPIUM
2017,ALENDRONATE
2017,ALLOPURINOL
2017,ALPRAZOLAM
2017,AMIODARONE
2017,AMITRIPTYLINE
2017,AMLODIPINE
2017,AMLODIPINE-BENAZEPRIL
2017,AMOXICILLIN
2017,AMOXICILLIN-CLAVULANATE
2017,AMPHETAMINE-DEXTROAMPHETAMINE
2017,APIXABAN
2017,ARIPIPRAZOLE
2017,ASPIRIN
2017,ATENOLOL
2017,ATORVASTATIN
2017,AZITHROMYCIN
2017,BACITRACIN/NEOMYCIN/POLYMYXIN B TOPICAL
2017,BACLOFEN
2017,BECLOMETHASONE
2017,BENAZEPRIL
2017,BENZONATATE
2017,BRIMONIDINE OPHTHALMIC
2017,BROMPHENIRAMINE/DEXTROMETHORPHAN/PSE
2017,BUDESONIDE
2017,BUDESONIDE-FORMOTEROL
2017,BUPROPION
2017,BUSPIRONE
2017,CALCIUM-VITAMIN D
2017,CARVEDILOL
2017,CEFDINIR
2017,CELECOXIB
2017,CEPHALEXIN
2017,CETIRIZINE
2017,CHLORHEXIDINE TOPICAL
2017,CHLORTHALIDONE
2017,CHOLECALCIFEROL
2017,CIPROFLOXACIN
2017,CITALOPRAM
2017,CLINDAMYCIN
2017,CLINDAMYCIN TOPICAL
2017,CLOBETASOL TOPICAL
2017,CLONAZEPAM
2017,CLONIDINE
2017,CLOPIDOGREL
2017,CODEINE-GUAIFENESIN
2017,COLCHICINE
2017,CYANOCOBALAMIN
2017,CYCLOBENZAPRINE
2017,CYCLOSPORINE OPHTHALMIC
2017,DIAZEPAM
2017,DICLOFENAC
2017,DICLOFENAC TOPICAL
2017,DICYCLOMINE
2017,DIGOXIN
2017,DILTIAZEM
2017,DIPHENHYDRAMINE
2017,DIVALPROEX SODIUM
2017,DOCUSATE
2017,DONEPEZIL
2017,DORZOLAMIDE-TIMOLOL OPHTHALMIC
2017,DOXAZOSIN
2017,DOXYCYCLINE
2017,DROSPIRENONE-ETHINYL ESTRADIOL
2017,DULOXETINE
2017,"EMOLLIENTS, TOPICAL"
2017,ENALAPRIL
2017,EPINEPHRINE
2017,ERGOCALCIFEROL
2017,ESCITALOPRAM
2017,ESOMEPRAZOLE
2017,ESTRADIOL
2017,ETHINYL ESTRADIOL-LEVONORGESTREL
2017,ETHINYL ESTRADIOL-NORETHINDRONE
2017,ETHINYL ESTRADIOL-NORGESTIMATE
2017,EZETIMIBE
2017,FAMOTIDINE
2017,FENOFIBRATE
2017,FERROUS SULFATE
2017,FEXOFENADINE
2017,FINASTERIDE
2017,FLUCONAZOLE
2017,FLUOXETINE
2017,FLUTICASONE
2017,FLUTICASONE-SALMETEROL
2017,FLUTICASONE-VILANTEROL
2017,FLUTICASONE NASAL
2017,FOLIC ACID
2017,FUROSEMIDE
2017,GABAPENTIN
2017,GEMFIBROZIL
2017,GLIMEPIRIDE
2017,GLIPIZIDE
2017,GLYBURIDE
2017,GUAIFENESIN
2017,GUANFACINE
2017,HYDRALAZINE
2017,HYDROCHLOROTHIAZIDE
2017,HYDROCHLOROTHIAZIDE-LISINOPRIL
2017,HYDROCHLOROTHIAZIDE-LOSARTAN
2017,HYDROCHLOROTHIAZIDE-TRIAMTERENE
2017,HYDROCHLOROTHIAZIDE-VALSARTAN
2017,HYDROCODONE
2017,HYDROCORTISONE TOPICAL
2017,HYDROCORTISONE/NEOMYCIN/POLYMYXIN B OTIC
2017,HYDROXYCHLOROQUINE
2017,HYDROXYZINE
2017,IBUPROFEN
2017,INSULIN ASPART
2017,INSULIN DETEMIR
2017,INSULIN GLARGINE
2017,INSULIN ISOPHANE-INSULIN REGULAR
2017,INSULIN ISOPHANE (NPH)
2017,INSULIN LISPRO
2017,ISOSORBIDE MONONITRATE
2017,KETOCONAZOLE TOPICAL
2017,LAMOTRIGINE
2017,LATANOPROST OPHTHALMIC
2017,LEVETIRACETAM
2017,LEVOFLOXACIN
2017,LEVOTHYROXINE
2017,LIDOCAINE TOPICAL
2017,LIRAGLUTIDE
2017,LISDEXAMFETAMINE
2017,LISINOPRIL
2017,LORATADINE
2017,LORAZEPAM
2017,LOSARTAN
2017,LOVASTATIN
2017,MECLIZINE
2017,MEDROXYPROGESTERONE
2017,MELOXICAM
2017,MEMANTINE
2017,MENTHOL TOPICAL
2017,METFORMIN
2017,METFORMIN-SITAGLIPTIN
2017,METHOCARBAMOL
2017,METHOTREXATE
2017,METHYLPHENIDATE
2017,METHYLPREDNISOLONE
2017,METOPROLOL
2017,METRONIDAZOLE
2017,MIRTAZAPINE
2017,MONTELUKAST
2017,MORPHINE
2017,MULTIVITAMIN
2017,"MULTIVITAMIN, PRENATAL"
2017,MUPIROCIN TOPICAL
2017,"NAPHAZOLINE-PHENIRAMINE OPHTHALMIC"
2017,"NAPROXEN"
2017,NEBIVOLOL
2017,NIFEDIPINE
2017,NITROFURANTOIN
2017,NITROGLYCERIN
2017,NORTRIPTYLINE
2017,NYSTATIN TOPICAL
2017,OCULAR LUBRICANT
2017,OFLOXACIN OPHTHALMIC
2017,OLOPATADINE OPHTHALMIC
2017,OMEGA-3 POLYUNSATURATED FATTY ACIDS
2017,OMEPRAZOLE
2017,ONDANSETRON
2017,OSELTAMIVIR
2017,OXYBUTYNIN
2017,OXYCODONE
2017,PANTOPRAZOLE
2017,PAROXETINE
2017,PENICILLIN V POTASSIUM
2017,PHENTERMINE
2017,PIOGLITAZONE
2017,POLYETHYLENE GLYCOL 3350
2017,POLYMYXIN B-TRIMETHOPRIM OPHTHALMIC
2017,POTASSIUM CHLORIDE
2017,PRAVASTATIN
2017,PREDNISOLONE
2017,PREDNISOLONE OPHTHALMIC
2017,PREDNISONE
2017,PREGABALIN
2017,PROMETHAZINE
2017,PROPRANOLOL
2017,QUETIAPINE
2017,RAMIPRIL
2017,RANITIDINE
2017,RISPERIDONE
2017,RIVAROXABAN
2017,RIZATRIPTAN
2017,ROPINIROLE
2017,ROSUVASTATIN
2017,SERTRALINE
2017,SIMVASTATIN
2017,SITAGLIPTIN
2017,SPIRONOLACTONE
2017,SUCRALFATE
2017,SULFAMETHOXAZOLE-TRIMETHOPRIM
2017,SUMATRIPTAN
2017,TAMSULOSIN
2017,TEMAZEPAM
2017,TESTOSTERONE
2017,THYROID DESICCATED
2017,TIMOLOL OPHTHALMIC
2017,TIOTROPIUM
2017,TIZANIDINE
2017,TOPIRAMATE
2017,TRAMADOL
2017,TRAZODONE
2017,TRETINOIN TOPICAL
2017,TRIAMCINOLONE TOPICAL
2017,VALACYCLOVIR
2017,VALSARTAN
2017,VENLAFAXINE
2017,VERAPAMIL
2017,WARFARIN
2017,ZOLPIDEM
2018,ACETAMINOPHEN
2018,ACETAMINOPHEN-CODEINE
2018,ACETAMINOPHEN-HYDROCODONE
2018,ACETAMINOPHEN-OXYCODONE
2018,ACYCLOVIR
2018,ALBUTEROL
2018,ALBUTEROL-IPRATROPIUM
2018,ALENDRONATE
2018,ALLOPURINOL
2018,ALPRAZOLAM
2018,AMIODARONE
2018,AMITRIPTYLINE
2018,AMLODIPINE
2018,AMLODIPINE-BENAZEPRIL
2018,AMOXICILLIN
2018,AMOXICILLIN-CLAVULANATE
2018,AMPHETAMINE-DEXTROAMPHETAMINE
2018,APIXABAN
2018,ARIPIPRAZOLE
2018,ASPIRIN
2018,ATENOLOL
2018,ATORVASTATIN
2018,AZELASTINE NASAL
2018,AZITHROMYCIN
2018,BACLOFEN
2018,BECLOMETHASONE
2018,BENAZEPRIL
2018,BENZONATATE
2018,BETAMETHASONE TOPICAL
2018,BRIMONIDINE OPHTHALMIC
2018,BROMPHENIRAMINE/DEXTROMETHORPHAN/PSE
2018,BUDESONIDE
2018,BUDESONIDE-FORMOTEROL
2018,BUPROPION
2018,BUSPIRONE
2018,CALCIUM-VITAMIN D
2018,CARVEDILOL
2018,CEFDINIR
2018,CEFUROXIME
2018,CELECOXIB
2018,CEPHALEXIN
2018,CETIRIZINE
2018,CHLORHEXIDINE TOPICAL
2018,CHLORTHALIDONE
2018,CHOLECALCIFEROL
2018,CIPROFLOXACIN
2018,CITALOPRAM
2018,CLINDAMYCIN
2018,CLINDAMYCIN TOPICAL
2018,CLOBETASOL TOPICAL
2018,CLONAZEPAM
2018,CLONIDINE
2018,CLOPIDOGREL
2018,CODEINE-GUAIFENESIN
2018,COLCHICINE
2018,CYANOCOBALAMIN
2018,CYCLOBENZAPRINE
2018,CYCLOSPORINE OPHTHALMIC
2018,DEXAMETHASONE/NEOMYCIN/POLYMYXIN B OPHTHALMIC
2018,DEXMETHYLPHENIDATE
2018,DEXTROMETHORPHAN-PROMETHAZINE
2018,DIAZEPAM
2018,DICLOFENAC
2018,DICLOFENAC TOPICAL
2018,DICYCLOMINE
2018,DIGOXIN
2018,DILTIAZEM
2018,DIPHENHYDRAMINE
2018,DIVALPROEX SODIUM
2018,DOCUSATE
2018,DONEPEZIL
2018,DOXAZOSIN
2018,DOXYCYCLINE
2018,DULAGLUTIDE
2018,DULOXETINE
2018,ENALAPRIL
2018,EPINEPHRINE
2018,ERGOCALCIFEROL
2018,ESCITALOPRAM
2018,ESOMEPRAZOLE
2018,ESTRADIOL
2018,ESTRADIOL TOPICAL
2018,ETHINYL ESTRADIOL-ETONOGESTREL
2018,ETHINYL ESTRADIOL-LEVONORGESTREL
2018,ETHINYL ESTRADIOL-NORETHINDRONE
2018,ETHINYL ESTRADIOL-NORGESTIMATE
2018,EZETIMIBE
2018,FAMOTIDINE
2018,FENOFIBRATE
2018,FERROUS SULFATE
2018,FINASTERIDE
2018,FLUCONAZOLE
2018,FLUOXETINE
2018,FLUTICASONE
2018,FLUTICASONE-SALMETEROL
2018,FLUTICASONE-VILANTEROL
2018,FLUTICASONE NASAL
2018,FOLIC ACID
2018,FUROSEMIDE
2018,GABAPENTIN
2018,GEMFIBROZIL
2018,GLIMEPIRIDE
2018,GLIPIZIDE
2018,GUAIFENESIN
2018,GUANFACINE
2018,HYDRALAZINE
2018,HYDROCHLOROTHIAZIDE
2018,HYDROCHLOROTHIAZIDE-LISINOPRIL
2018,HYDROCHLOROTHIAZIDE-LOSARTAN
2018,HYDROCHLOROTHIAZIDE-TRIAMTERENE
2018,HYDROCHLOROTHIAZIDE-VALSARTAN
2018,HYDROCORTISONE TOPICAL
2018,HYDROXYCHLOROQUINE
2018,HYDROXYZINE
2018,IBUPROFEN
2018,INDOMETHACIN
2018,INSULIN ASPART
2018,INSULIN DETEMIR
2018,INSULIN GLARGINE
2018,INSULIN LISPRO
2018,IRBESARTAN
2018,ISOSORBIDE MONONITRATE
2018,KETOCONAZOLE TOPICAL
2018,KETOROLAC
2018,LABETALOL
2018,LAMOTRIGINE
2018,LATANOPROST OPHTHALMIC
2018,LEVETIRACETAM
2018,LEVOFLOXACIN
2018,LEVOTHYROXINE
2018,LIDOCAINE TOPICAL
2018,LINAGLIPTIN
2018,LIRAGLUTIDE
2018,LISDEXAMFETAMINE
2018,LISINOPRIL
2018,LORATADINE
2018,LORAZEPAM
2018,LOSARTAN
2018,LOVASTATIN
2018,MAGNESIUM OXIDE
2018,MECLIZINE
2018,MEDROXYPROGESTERONE
2018,MELOXICAM
2018,MEMANTINE
2018,METFORMIN
2018,METFORMIN-SITAGLIPTIN
2018,METHOCARBAMOL
2018,METHOTREXATE
2018,METHYLPHENIDATE
2018,METHYLPREDNISOLONE
2018,METOPROLOL
2018,METRONIDAZOLE
2018,METRONIDAZOLE TOPICAL
2018,MIRTAZAPINE
2018,MONTELUKAST
2018,MORPHINE
2018,MULTIVITAMIN
2018,MULTIVITAMIN WITH MINERALS
2018,"MULTIVITAMIN, PRENATAL"
2018,MUPIROCIN TOPICAL
2018,"NAPROXEN"
2018,NIFEDIPINE
2018,NITROFURANTOIN
2018,NITROGLYCERIN
2018,NORETHINDRONE
2018,NORTRIPTYLINE
2018,NYSTATIN TOPICAL
2018,OCULAR LUBRICANT
2018,OFLOXACIN OPHTHALMIC
2018,OMEGA-3 POLYUNSATURATED FATTY ACIDS
2018,OMEPRAZOLE
2018,ONDANSETRON
2018,OSELTAMIVIR
2018,OXYBUTYNIN
2018,OXYCODONE
2018,PANTOPRAZOLE
2018,PAROXETINE
2018,PENICILLIN V POTASSIUM
2018,PHENTERMINE
2018,PIOGLITAZONE
2018,POLYETHYLENE GLYCOL 3350
2018,POLYETHYLENE GLYCOL 3350 WITH ELECTROLYTES
2018,POLYMYXIN B-TRIMETHOPRIM OPHTHALMIC
2018,POTASSIUM CHLORIDE
2018,PRAVASTATIN
2018,PREDNISOLONE
2018,PREDNISOLONE OPHTHALMIC
2018,PREDNISONE
2018,PREGABALIN
2018,PROGESTERONE
2018,PROMETHAZINE
2018,PROPRANOLOL
2018,QUETIAPINE
2018,RAMIPRIL
2018,RANITIDINE
2018,RISPERIDONE
2018,RIVAROXABAN
2018,RIZATRIPTAN
2018,ROPINIROLE
2018,ROSUVASTATIN
2018,SERTRALINE
2018,SILDENAFIL
2018,SIMVASTATIN
2018,SITAGLIPTIN
2018,SPIRONOLACTONE
2018,SUCRALFATE
2018,SULFAMETHOXAZOLE-TRIMETHOPRIM
2018,SUMATRIPTAN
2018,TAMSULOSIN
2018,TEMAZEPAM
2018,TERAZOSIN
2018,TESTOSTERONE
2018,THYROID DESICCATED
2018,TIMOLOL OPHTHALMIC
2018,TIOTROPIUM
2018,TIZANIDINE
2018,TOBRAMYCIN OPHTHALMIC
2018,TOPIRAMATE
2018,TRAMADOL
2018,TRAZODONE
2018,TRIAMCINOLONE TOPICAL
2018,VALACYCLOVIR
2018,VALSARTAN
2018,VENLAFAXINE
2018,VERAPAMIL
2018,WARFARIN
2018,ZOLPIDEM
2019,ACETAMINOPHEN
2019,ACETAMINOPHEN-CODEINE
2019,ACETAMINOPHEN-HYDROCODONE
2019,ACETAMINOPHEN-OXYCODONE
2019,ACETAMINOPHEN/BUTALBITAL/CAFFEINE
2019,ACYCLOVIR
2019,ALBUTEROL
2019,ALBUTEROL-IPRATROPIUM
2019,ALENDRONATE
2019,ALLOPURINOL
2019,ALPRAZOLAM
2019,AMIODARONE
2019,AMITRIPTYLINE
2019,AMLODIPINE
2019,AMLODIPINE-BENAZEPRIL
2019,AMOXICILLIN
2019,AMOXICILLIN-CLAVULANATE
2019,AMPHETAMINE-DEXTROAMPHETAMINE
2019,ANASTROZOLE
2019,APIXABAN
2019,ARIPIPRAZOLE
2019,ASPIRIN
2019,ATENOLOL
2019,ATORVASTATIN
2019,AZELASTINE NASAL
2019,AZITHROMYCIN
2019,BACLOFEN
2019,BECLOMETHASONE
2019,BENAZEPRIL
2019,BENZONATATE
2019,BETAMETHASONE TOPICAL
2019,BRIMONIDINE OPHTHALMIC
2019,BROMPHENIRAMINE/DEXTROMETHORPHAN/PSE
2019,BUDESONIDE
2019,BUDESONIDE-FORMOTEROL
2019,BUPROPION
2019,BUSPIRONE
2019,CALCIUM-VITAMIN D
2019,CARVEDILOL
2019,CEFDINIR
2019,CELECOXIB
2019,CEPHALEXIN
2019,CETIRIZINE
2019,CHLORHEXIDINE TOPICAL
2019,CHLORTHALIDONE
2019,CHOLECALCIFEROL
2019,CIPROFLOXACIN
2019,CITALOPRAM
2019,CLINDAMYCIN
2019,CLINDAMYCIN TOPICAL
2019,CLOBETASOL TOPICAL
2019,CLONAZEPAM
2019,CLONIDINE
2019,CLOPIDOGREL
2019,CODEINE-GUAIFENESIN
2019,COLCHICINE
2019,CYANOCOBALAMIN
2019,CYCLOBENZAPRINE
2019,CYCLOSPORINE OPHTHALMIC
2019,DESOGESTREL-ETHINYL ESTRADIOL
2019,DEXAMETHASONE-TOBRAMYCIN OPHTHALMIC
2019,DEXAMETHASONE/NEOMYCIN/POLYMYXIN B OPHTHALMIC
2019,DEXMETHYLPHENIDATE
2019,DIAZEPAM
2019,DICLOFENAC
2019,DICLOFENAC TOPICAL
2019,DICYCLOMINE
2019,DILTIAZEM
2019,DIVALPROEX SODIUM
2019,DOCUSATE
2019,DONEPEZIL
2019,DORZOLAMIDE-TIMOLOL OPHTHALMIC
2019,DOXAZOSIN
2019,DOXYCYCLINE
2019,DROSPIRENONE-ETHINYL ESTRADIOL
2019,DULAGLUTIDE
2019,DULOXETINE
2019,EMPAGLIFLOZIN
2019,ENALAPRIL
2019,EPINEPHRINE
2019,ERGOCALCIFEROL
2019,ERYTHROMYCIN OPHTHALMIC
2019,ESCITALOPRAM
2019,ESOMEPRAZOLE
2019,ESTRADIOL
2019,ESTRADIOL TOPICAL
2019,ETHINYL ESTRADIOL-LEVONORGESTREL
2019,ETHINYL ESTRADIOL-NORETHINDRONE
2019,ETHINYL ESTRADIOL-NORGESTIMATE
2019,EZETIMIBE
2019,FAMOTIDINE
2019,FENOFIBRATE
2019,FERROUS SULFATE
2019,FINASTERIDE
2019,FLUCONAZOLE
2019,FLUOXETINE
2019,FLUTICASONE
2019,FLUTICASONE-SALMETEROL
2019,FLUTICASONE-VILANTEROL
2019,FLUTICASONE NASAL
2019,FOLIC ACID
2019,FUROSEMIDE
2019,GABAPENTIN
2019,GLIMEPIRIDE
2019,GLIPIZIDE
2019,GUAIFENESIN
2019,HYDRALAZINE
2019,HYDROCHLOROTHIAZIDE
2019,HYDROCHLOROTHIAZIDE-LISINOPRIL
2019,HYDROCHLOROTHIAZIDE-LOSARTAN
2019,HYDROCHLOROTHIAZIDE-TRIAMTERENE
2019,HYDROCORTISONE TOPICAL
2019,HYDROCORTISONE/NEOMYCIN/POLYMYXIN B OTIC
2019,HYDROXYCHLOROQUINE
2019,HYDROXYZINE
2019,IBUPROFEN
2019,INDOMETHACIN
2019,"INFLUENZA VIRUS VACCINE, INACTIVATED"
2019,INSULIN ASPART
2019,INSULIN DEGLUDEC
2019,INSULIN DETEMIR
2019,INSULIN GLARGINE
2019,INSULIN LISPRO
2019,IRBESARTAN
2019,ISOSORBIDE MONONITRATE
2019,KETOCONAZOLE TOPICAL
2019,LABETALOL
2019,LAMOTRIGINE
2019,LATANOPROST OPHTHALMIC
2019,LEVETIRACETAM
2019,LEVOCETIRIZINE
2019,LEVOFLOXACIN
2019,LEVOTHYROXINE
2019,LIDOCAINE TOPICAL
2019,LIRAGLUTIDE
2019,LISDEXAMFETAMINE
2019,LISINOPRIL
2019,LORATADINE
2019,LORAZEPAM
2019,LOSARTAN
2019,LOVASTATIN
2019,MECLIZINE
2019,MELATONIN
2019,MELOXICAM
2019,MEMANTINE
2019,METFORMIN
2019,METFORMIN-SITAGLIPTIN
2019,METHOCARBAMOL
2019,METHOTREXATE
2019,METHYLPHENIDATE
2019,METHYLPREDNISOLONE
2019,METOPROLOL
2019,METRONIDAZOLE
2019,METRONIDAZOLE TOPICAL
2019,MIRABEGRON
2019,MIRTAZAPINE
2019,MONTELUKAST
2019,MORPHINE
2019,MULTIVITAMIN
2019,"MULTIVITAMIN, PRENATAL"
2019,MUPIROCIN TOPICAL
2019,"NAPROXEN"
2019,NEBIVOLOL
2019,NIFEDIPINE
2019,NITROFURANTOIN
2019,NITROGLYCERIN
2019,NORETHINDRONE
2019,NORTRIPTYLINE
2019,NYSTATIN TOPICAL
2019,OCULAR LUBRICANT
2019,OFLOXACIN OPHTHALMIC
2019,OLMESARTAN
2019,OMEGA-3 POLYUNSATURATED FATTY ACIDS
2019,OMEPRAZOLE
2019,ONDANSETRON
2019,OSELTAMIVIR
2019,OXYBUTYNIN
2019,OXYCODONE
2019,PANTOPRAZOLE
2019,PAROXETINE
2019,PENICILLIN V POTASSIUM
2019,PHENTERMINE
2019,PIOGLITAZONE
2019,POLYETHYLENE GLYCOL 3350
2019,POLYETHYLENE GLYCOL 3350 WITH ELECTROLYTES
2019,POLYMYXIN B-TRIMETHOPRIM OPHTHALMIC
2019,POTASSIUM CHLORIDE
2019,PRAMIPEXOLE
2019,PRAVASTATIN
2019,PRAZOSIN
2019,PREDNISOLONE
2019,PREDNISOLONE OPHTHALMIC
2019,PREDNISONE
2019,PREGABALIN
2019,PROGESTERONE
2019,PROMETHAZINE
2019,PROPRANOLOL
2019,QUETIAPINE
2019,RAMIPRIL
2019,RANITIDINE
2019,RISPERIDONE
2019,RIVAROXABAN
2019,RIZATRIPTAN
2019,ROPINIROLE
2019,ROSUVASTATIN
2019,SERTRALINE
2019,SILDENAFIL
2019,SIMVASTATIN
2019,SITAGLIPTIN
2019,SPIRONOLACTONE
2019,SUCRALFATE
2019,SULFAMETHOXAZOLE-TRIMETHOPRIM
2019,SUMATRIPTAN
2019,TAMSULOSIN
2019,TERAZOSIN
2019,TERBINAFINE
2019,TESTOSTERONE
2019,THYROID DESICCATED
2019,TIMOLOL OPHTHALMIC
2019,TIOTROPIUM
2019,TIZANIDINE
2019,TOPIRAMATE
2019,TRAMADOL
2019,TRAZODONE
2019,TRETINOIN TOPICAL
2019,TRIAMCINOLONE TOPICAL
2019,VALACYCLOVIR
2019,VALSARTAN
2019,VARENICLINE
2019,VENLAFAXINE
2019,VERAPAMIL
2019,WARFARIN
2019,ZOLPIDEM
